state,cases_per_100k,deaths_per_100k,death_rate,pct_full_max,pct_full_asof_2022-03-01,pct_full_growth_pp_2021-09-01_to_2022-09-01,trump_pct,biden_pct,FMNOENF,AGEPRIORITY,stayhome_days_since_earliest_adoption,stayhome_duration_days,clbsns_days_since_earliest_adoption,clbsns_duration_days,FM_ALL_days_since_earliest_adoption,population_65_plus_percent,hs_pct,bachelors_pct,advanced_pct,median_household_income_2019,white_non_latino_percent_2020
Alabama,33490.14628199919,439.4758228362454,0.0131225411539173,53.12,50.25,13.769999999999996,62.2,36.7,1.0,0.0,16.0,26.0,9.0,33.0,99.0,17.8,87.93,27.43,10.85,51734,63.1
Alaska,42256.22435020519,196.71682626538987,0.0046553337239756,65.07,60.98,16.099999999999994,53.1,43.0,0.0,1.0,9.0,27.0,5.0,31.0,16.0,13.1,93.31,32.79,11.91,75463,57.5
Arizona,33028.729281767955,447.2443066972106,0.013541069136562,65.95,60.13,15.14,49.1,49.4,0.0,0.0,12.0,46.0,12.0,38.0,-1.0,18.5,88.97,32.43,12.64,62055,53.4
Arkansas,33266.347740019795,431.14483668756185,0.012960389882803,56.82,53.51,13.82,62.4,34.8,0.0,0.0,-1.0,0.0,18.0,28.0,103.0,17.7,88.67,25.27,9.37,48952,68.5
California,30911.29343629344,264.87756553546023,0.0085689576879517,74.6,70.33,17.470000000000006,34.3,63.5,1.0,0.0,0.0,312.0,0.0,50.0,71.0,15.2,84.45,36.19,14.05,80440,34.7
Colorado,30492.59641873278,245.26515151515156,0.0080434328434057,73.42,69.22,14.54,41.9,55.4,0.0,0.0,7.0,32.0,0.0,43.0,99.0,15.1,92.43,44.42,17.04,77127,65.1
Connecticut,27507.89991565926,344.95361259488334,0.0125401653216905,82.98,77.81,14.570000000000007,39.2,59.3,1.0,0.0,-1.0,0.0,4.0,58.0,12.0,18.2,91.11,42.13,18.94,78833,63.2
Delaware,33724.51874366768,339.61499493414385,0.0100702695719835,73.26,67.57,15.490000000000002,39.8,58.8,0.0,0.0,5.0,69.0,5.0,45.0,20.0,20.0,91.36,35.62,15.05,70176,58.6
District of Columbia,26600.89552238806,213.7313432835821,0.0080347424057096,90.25,71.55,21.47000000000001,5.4,93.0,0.0,0.0,13.0,58.0,6.0,65.0,9.0,12.7,92.79,63.05,37.82,92266,38.0
Florida,34706.98476970506,400.9616711912759,0.0115527659303111,69.34,65.97,14.990000000000007,51.2,47.9,0.0,1.0,15.0,45.0,15.0,45.0,-1.0,21.3,89.79,33.16,12.55,59227,51.5
Georgia,27870.429505135387,383.3333333333333,0.0137541236407103,57.24,53.68,14.189999999999998,49.3,49.5,0.0,1.0,15.0,28.0,15.0,28.0,-1.0,14.7,88.97,34.63,13.7,61980,50.1
Hawaii,26468.2302771855,131.55650319829425,0.0049703550944125,81.44,77.25,24.36,34.3,63.7,0.0,0.0,6.0,67.0,6.0,43.0,-1.0,19.6,92.93,35.3,13.1,83102,21.6
Idaho,28621.729611384784,298.631636562671,0.0104337383036378,56.41,53.12,15.880000000000004,63.9,33.1,0.0,0.0,6.0,37.0,6.0,37.0,-1.0,16.7,91.26,30.72,10.54,60999,78.9
Illinois,32633.70670479822,330.6164601207499,0.0101311341402764,71.19,67.49,19.02,40.5,57.6,0.0,0.0,2.0,69.0,2.0,69.0,23.0,16.6,90.17,37.14,15.01,69187,58.3
Indiana,30414.99629903775,387.5499629903776,0.0127420683921845,57.69,54.06,10.46,57.1,41.0,0.0,1.0,6.0,54.0,6.0,54.0,110.0,16.5,90.64,28.88,10.39,57603,75.5
Iowa,28679.551201011374,340.3919089759798,0.0118688018020301,64.32,61.14,11.130000000000004,53.2,45.0,0.0,0.0,-1.0,0.0,7.0,50.0,222.0,17.9,93.32,30.54,9.87,61691,82.7
Kansas,32286.032944406317,351.1324639670556,0.0108756769396746,65.24,59.47,14.97,56.5,41.3,1.0,0.0,11.0,35.0,11.0,35.0,86.0,16.8,91.89,35.4,13.39,62087,72.2
Kentucky,38495.48805003351,409.8280098280098,0.0106461310295727,59.57,56.44,9.740000000000002,62.1,36.2,1.0,1.0,-1.0,0.0,7.0,46.0,33.0,17.2,87.99,26.98,11.11,52295,81.3
Louisiana,34030.33369214209,405.4897739504844,0.0119155391662855,54.99,52.57,12.740000000000002,58.5,39.9,0.0,0.0,4.0,53.0,4.0,39.0,121.0,16.4,86.68,26.45,9.65,51073,55.8
Maine,23703.48148148148,220.81481481481484,0.0093157123348031,83.24,78.37,15.329999999999998,44.0,53.1,0.0,0.0,14.0,59.0,6.0,37.0,23.0,21.8,94.53,35.99,13.82,58924,90.2
Maryland,22621.036988110965,275.29722589167767,0.0121699648887169,79.64,74.11,15.729999999999997,32.4,65.8,0.0,1.0,11.0,46.0,4.0,53.0,10.0,16.3,91.09,42.55,20.17,86738,47.2
Massachusetts,32349.14418334784,354.52567449956484,0.0109593525099208,84.17,77.62,14.779999999999989,32.3,65.9,0.0,0.0,5.0,55.0,5.0,55.0,28.0,17.4,96.1,46.62,21.27,85843,67.6
Michigan,30783.53566770342,424.5108859235477,0.0137901926050984,62.28,59.21,10.54,47.8,50.6,0.0,0.0,5.0,69.0,5.0,63.0,19.0,18.2,91.96,31.67,12.48,59584,72.4
Minnesota,31540.79901007601,264.52183135937776,0.0083866560030668,72.07,68.25,14.369999999999996,45.4,52.6,0.0,0.0,9.0,51.0,9.0,30.0,107.0,16.8,94.13,38.9,13.4,74593,76.3
Mississippi,33469.329288843954,452.6794742163801,0.0135252030391678,53.65,50.95,14.519999999999996,57.6,41.1,1.0,1.0,15.0,24.0,15.0,24.0,119.0,16.9,86.49,24.78,9.35,45792,55.4
Missouri,29164.61313394018,390.0845253576073,0.0133752682940151,59.0,55.14,12.129999999999995,56.8,41.4,0.0,0.0,18.0,28.0,15.0,31.0,-1.0,17.7,91.59,31.72,12.24,57409,75.8
Montana,30608.23311748381,342.368177613321,0.0111854930109557,59.12,55.97,11.830000000000004,56.9,40.6,0.0,1.0,9.0,29.0,9.0,30.0,-1.0,19.7,94.35,34.8,12.45,57153,83.1
Nebraska,29454.85036119711,261.5067079463364,0.0088782222533656,66.2,62.53,12.659999999999997,58.5,39.4,0.0,0.0,-1.0,0.0,21.0,53.0,-1.0,16.5,92.16,34.45,12.28,63229,75.7
Nevada,28451.688973868702,385.3728489483748,0.0135448144854359,63.66,59.73,14.0,47.7,50.1,0.0,0.0,12.0,39.0,2.0,49.0,79.0,16.5,87.16,27.57,9.64,63276,45.9
New Hampshire,27795.68081991215,220.9370424597365,0.0079486105733903,71.86,63.96,4.240000000000002,45.5,52.9,0.0,1.0,9.0,80.0,9.0,44.0,226.0,19.3,94.44,40.98,15.72,77933,87.2
New Jersey,34422.90024769196,406.4062148164828,0.0118062746570499,79.06,74.29,15.560000000000002,41.4,57.3,0.0,1.0,2.0,80.0,2.0,58.0,0.0,17.0,90.98,43.1,17.4,85751,51.8
New Mexico,31982.003798670463,432.5735992402659,0.013525531482122,75.12,69.69,12.669999999999996,43.5,54.3,1.0,0.0,5.0,0.0,5.0,53.0,37.0,18.5,87.48,30.05,14.08,51945,36.5
New York,35193.003051145475,414.2783265242799,0.0117716105648107,80.72,75.55,18.2,41.5,57.1,0.0,0.0,3.0,97.0,3.0,78.0,9.0,17.4,88.03,39.93,17.72,72108,52.5
North Carolina,32843.429865107064,280.59617017262525,0.0085434490650055,67.06,59.37,17.029999999999994,50.1,48.7,0.0,1.0,11.0,53.0,11.0,39.0,79.0,17.1,89.7,34.91,13.19,57341,60.5
North Dakota,37660.91503267974,330.5882352941176,0.0087780192012662,58.61,54.47,14.990000000000002,65.5,31.9,0.0,1.0,-1.0,0.0,1.0,42.0,220.0,16.1,93.62,31.74,9.38,64577,81.7
Ohio,29207.6798084324,359.7109381681348,0.0123156286472397,60.4,57.63,10.830000000000004,53.3,45.3,1.0,1.0,5.0,57.0,5.0,41.0,106.0,17.9,91.74,30.72,11.79,58642,75.9
Oklahoma,32550.41446872645,415.6995729716151,0.012770945616407,60.42,56.03,14.619999999999996,65.4,32.3,0.0,1.0,-1.0,0.0,13.0,23.0,-1.0,16.4,88.71,27.92,9.62,54449,60.8
Oregon,22799.528524281,222.7958510136728,0.0097719499232802,72.31,68.71,12.560000000000002,40.7,56.9,1.0,0.0,4.0,88.0,4.0,53.0,84.0,18.6,91.87,36.33,13.88,67058,71.7
Pennsylvania,27686.26300555425,396.6283345067668,0.0143258169015875,73.26,67.02,15.309999999999995,48.8,50.0,0.0,1.0,13.0,65.0,2.0,76.0,84.0,19.1,91.89,34.54,13.94,63463,73.5
Puerto Rico,34913.974869751764,179.2215752375115,0.0051332332083673,83.98,77.99,14.859999999999992,,,,,,,,,,22.7,79.65,28.48,7.93,20474,0.7
Rhode Island,43688.55250709555,370.3878902554399,0.0084779162732682,87.62,80.72,19.97,38.8,59.7,1.0,1.0,9.0,42.0,11.0,40.0,10.0,18.2,89.14,36.5,15.61,71169,68.7
South Carolina,35271.330011498656,386.9681870448448,0.0109711821731329,59.85,55.92,14.86,55.1,43.4,0.0,1.0,19.0,27.0,13.0,19.0,-1.0,18.7,89.61,31.53,11.95,56227,62.1
South Dakota,31413.773796192607,360.8062709966405,0.011485607343374,66.2,59.92,14.35,61.8,35.6,0.0,1.0,-1.0,0.0,-1.0,0.0,-1.0,17.6,93.05,31.67,10.11,59533,79.6
Tennessee,35707.15841440395,421.59140409467113,0.0118069155546302,56.24,53.61,13.43,60.7,37.4,0.0,1.0,14.0,27.0,13.0,26.0,-1.0,17.1,89.74,30.48,11.28,56071,70.9
Texas,28770.02826879193,321.9168284458976,0.0111893122049898,63.19,60.1,14.019999999999996,52.1,46.5,0.0,1.0,-1.0,0.0,14.0,29.0,86.0,13.2,85.39,33.12,11.9,64034,39.7
Utah,33632.276923076926,163.56923076923076,0.0048634599180823,66.62,63.26,17.630000000000003,58.2,37.7,1.0,1.0,-1.0,0.0,8.0,35.0,2.0,11.7,93.17,36.81,12.69,75780,75.4
Vermont,24590.369181380414,150.7223113964687,0.0061293228371127,85.59,80.05,14.909999999999997,30.8,66.4,1.0,1.0,5.0,52.0,6.0,33.0,115.0,20.6,94.55,44.44,18.42,63001,89.1
Virginia,26752.41531835642,276.8245838668374,0.0103476482617586,76.53,72.03,17.25,44.2,54.4,0.0,0.0,11.0,60.0,6.0,65.0,51.0,16.3,91.38,41.81,18.33,76456,58.6
Washington,25223.602807382376,206.71952170522485,0.0081954795785446,75.97,71.48,14.380000000000004,39.0,58.4,0.0,0.0,4.0,70.0,6.0,68.0,79.0,16.2,92.35,38.97,15.13,78687,63.8
West Virginia,36174.22969187675,455.5742296918767,0.0125938888974926,59.66,56.8,18.98,68.6,29.7,1.0,1.0,5.0,42.0,5.0,41.0,90.0,20.9,88.82,24.12,9.94,48850,89.1
Wisconsin,34536.670666895254,282.61614949425683,0.0081830745128874,68.14,64.61,12.590000000000003,48.9,49.6,0.0,0.0,6.0,49.0,6.0,47.0,115.0,18.0,93.33,32.54,11.04,64168,78.6
Wyoming,31924.398625429552,346.0481099656357,0.0108396124865446,52.99,50.63,13.220000000000006,70.4,26.7,0.0,0.0,-1.0,0.0,0.0,43.0,-1.0,17.8,93.59,29.24,10.72,65003,81.4
